suite,strategy,round_id,candidate_id,target_group,operator_type,incumbent_score_before,candidate_score,replay_score,transfer_score,regression_score,gate_pass_replay,gate_pass_transfer,gate_pass_regression,contract_breach,decision,reject_reason,incumbent_score_after,score_split,n_families,source_file
Fin-269 + Fin-1.5K,General-only,1,r01-harness-a1,H,synthesis,52.8351,37.3034,0.00,0.00,95.1350,false,true,false,,reject,replay_fail,52.8351,7-case joint validation gate; replay/transfer exact; regression unchanged-cell accuracy,7,benchmarks/results/paper36-search-h-only-qwen36plus-20260917/decisions/r01-harness-a1.json
Fin-269 + Fin-1.5K,General-only,1,r01-harness-a2,H,synthesis,52.8351,39.1393,0.00,0.00,95.1350,false,true,false,,reject,replay_fail,52.8351,7-case joint validation gate; replay/transfer exact; regression unchanged-cell accuracy,7,benchmarks/results/paper36-search-h-only-qwen36plus-20260917/decisions/r01-harness-a2.json
Fin-269 + Fin-1.5K,General-only,1,r01-harness-a3,H,synthesis,52.8351,55.3751,50.00,0.00,96.0200,true,true,true,,promote,,55.3751,7-case joint validation gate; replay/transfer exact; regression unchanged-cell accuracy,7,benchmarks/results/paper36-search-h-only-qwen36plus-20260917/decisions/r01-harness-a3.json
Fin-269 + Fin-1.5K,Domain-only,1,r01-domain-a1,D,synthesis,52.8351,39.1304,0.00,0.00,96.0200,false,true,true,,reject,replay_fail,52.8351,7-case joint validation gate; replay/transfer exact; regression unchanged-cell accuracy,7,benchmarks/results/paper36-search-d-only-qwen36plus-20260917/decisions/r01-domain-a1.json
Fin-269 + Fin-1.5K,Domain-only,1,r01-domain-a2,D,synthesis,52.8351,53.0101,50.00,0.00,95.5750,true,true,false,,reject,regression_fail,52.8351,7-case joint validation gate; replay/transfer exact; regression unchanged-cell accuracy,7,benchmarks/results/paper36-search-d-only-qwen36plus-20260917/decisions/r01-domain-a2.json
Fin-269 + Fin-1.5K,Domain-only,1,r01-domain-a3,D,synthesis,52.8351,54.5548,50.00,0.00,96.0200,true,true,true,,promote,,54.5548,7-case joint validation gate; replay/transfer exact; regression unchanged-cell accuracy,7,benchmarks/results/paper36-search-d-only-qwen36plus-20260917/decisions/r01-domain-a3.json
Fin-269 + Fin-1.5K,Alternating,1,r01-harness-a1,H,synthesis,52.8351,53.4431,50.00,0.00,96.0200,true,true,true,,promote,,53.4431,7-case joint validation gate; replay/transfer exact; regression unchanged-cell accuracy,7,benchmarks/results/paper36-search-alternating-qwen36plus-20260917/decisions/r01-harness-a1.json
Fin-269 + Fin-1.5K,Alternating,2,r02-domain-a1,D,synthesis,53.4431,34.4581,0.00,0.00,96.0200,false,false,true,,reject,replay_fail,53.4431,7-case joint validation gate; replay/transfer exact; regression unchanged-cell accuracy,7,benchmarks/results/paper36-search-alternating-qwen36plus-20260917/decisions/r02-domain-a1.json
Fin-269 + Fin-1.5K,Alternating,2,r02-domain-a2,D,synthesis,53.4431,36.2088,0.00,0.00,96.0200,false,true,true,,reject,replay_fail,53.4431,7-case joint validation gate; replay/transfer exact; regression unchanged-cell accuracy,7,benchmarks/results/paper36-search-alternating-qwen36plus-20260917/decisions/r02-domain-a2.json
Fin-269 + Fin-1.5K,Alternating,2,r02-domain-a3,D,synthesis,53.4431,41.0380,0.00,0.00,94.6900,false,true,false,,reject,replay_fail,53.4431,7-case joint validation gate; replay/transfer exact; regression unchanged-cell accuracy,7,benchmarks/results/paper36-search-alternating-qwen36plus-20260917/decisions/r02-domain-a3.json
Fin-269 + Fin-1.5K,Alternating,2,r02-domain-a4,D,synthesis,53.4431,36.6373,0.00,0.00,96.0200,false,true,true,,reject,replay_fail,53.4431,7-case joint validation gate; replay/transfer exact; regression unchanged-cell accuracy,7,benchmarks/results/paper36-search-alternating-qwen36plus-20260917/decisions/r02-domain-a4.json
Fin-269 + Fin-1.5K,Alternating,2,r02-domain-a5,D,synthesis,53.4431,70.1464,100.00,0.00,96.0200,true,true,true,,promote,,70.1464,7-case joint validation gate; replay/transfer exact; regression unchanged-cell accuracy,7,benchmarks/results/paper36-search-alternating-qwen36plus-20260917/decisions/r02-domain-a5.json
