backbone,method,benchmark,category,plugin_name,plugin_role,plugin_group,task_activation_rate,avg_calls_per_task,total_calls,call_share,n_tasks,n_scored_tasks,source_file
DeepSeek-V4-Flash,SHEETHARNESS-BASIC,SpreadsheetBench v2,Template,runtime-code-plus-formula-validation,Act,H,92.78,12.3814,1201,70.07,97,97,benchmarks/results/deepseek-v4-flash-harness-v26-basic-v2-p6-20260915/tasks/*/runs/*/*/ours/trajectory.jsonl
DeepSeek-V4-Flash,SHEETHARNESS-BASIC,SpreadsheetBench v2,Template,profile-deterministic-compact,Observe,H,100.00,1.0000,97,5.66,97,97,benchmarks/results/deepseek-v4-flash-harness-v26-basic-v2-p6-20260915/tasks/*/runs/*/*/ours/trajectory.jsonl
DeepSeek-V4-Flash,SHEETHARNESS-BASIC,SpreadsheetBench v2,Template,policy-ours,Control,H,92.78,0.9278,90,5.25,97,97,benchmarks/results/deepseek-v4-flash-harness-v26-basic-v2-p6-20260915/tasks/*/runs/*/*/ours/trajectory.jsonl
DeepSeek-V4-Flash,SHEETHARNESS-BASIC,SpreadsheetBench v2,Template,skill-spreadsheet-structure,Observe,H,18.56,0.1856,18,1.05,97,97,benchmarks/results/deepseek-v4-flash-harness-v26-basic-v2-p6-20260915/tasks/*/runs/*/*/ours/trajectory.jsonl
DeepSeek-V4-Flash,SHEETHARNESS-BASIC,SpreadsheetBench v2,Template,skill-spreadsheet-formula,Knowledge,H,84.54,0.8454,82,4.78,97,97,benchmarks/results/deepseek-v4-flash-harness-v26-basic-v2-p6-20260915/tasks/*/runs/*/*/ours/trajectory.jsonl
DeepSeek-V4-Flash,SHEETHARNESS-BASIC,SpreadsheetBench v2,Template,skill-spreadsheet-manipulation,Act,H,18.56,0.1856,18,1.05,97,97,benchmarks/results/deepseek-v4-flash-harness-v26-basic-v2-p6-20260915/tasks/*/runs/*/*/ours/trajectory.jsonl
DeepSeek-V4-Flash,SHEETHARNESS-BASIC,SpreadsheetBench v2,Template,skill-spreadsheet-analysis,Observe,H,8.25,0.0825,8,0.47,97,97,benchmarks/results/deepseek-v4-flash-harness-v26-basic-v2-p6-20260915/tasks/*/runs/*/*/ours/trajectory.jsonl
DeepSeek-V4-Flash,SHEETHARNESS-BASIC,SpreadsheetBench v2,Template,skill-spreadsheet-visualization,Knowledge,H,0.00,0.0000,0,0.00,97,97,benchmarks/results/deepseek-v4-flash-harness-v26-basic-v2-p6-20260915/tasks/*/runs/*/*/ours/trajectory.jsonl
DeepSeek-V4-Flash,SHEETHARNESS-BASIC,SpreadsheetBench v2,Template,skill-spreadsheet-verification,Verify,H,90.72,0.9072,88,5.13,97,97,benchmarks/results/deepseek-v4-flash-harness-v26-basic-v2-p6-20260915/tasks/*/runs/*/*/ours/trajectory.jsonl
DeepSeek-V4-Flash,SHEETHARNESS-BASIC,SpreadsheetBench v2,Template,skill-spreadsheet-memory,Knowledge,H,0.00,0.0000,0,0.00,97,97,benchmarks/results/deepseek-v4-flash-harness-v26-basic-v2-p6-20260915/tasks/*/runs/*/*/ours/trajectory.jsonl
DeepSeek-V4-Flash,SHEETHARNESS-BASIC,SpreadsheetBench v2,Template,verifier-formula-runtime,Verify,H,86.60,1.1546,112,6.53,97,97,benchmarks/results/deepseek-v4-flash-harness-v26-basic-v2-p6-20260915/tasks/*/runs/*/*/ours/trajectory.jsonl
DeepSeek-V4-Flash,SHEETHARNESS-BASIC,SpreadsheetBench v2,Template,repair-date-text,Repair,H,0.00,0.0000,0,0.00,97,97,benchmarks/results/deepseek-v4-flash-harness-v26-basic-v2-p6-20260915/tasks/*/runs/*/*/ours/trajectory.jsonl
DeepSeek-V4-Flash,SHEETHARNESS-BASIC,SpreadsheetBench v2,Template,skill-spreadsheet-financial-model,Knowledge,D,0.00,0.0000,0,0.00,97,97,benchmarks/results/deepseek-v4-flash-harness-v26-basic-v2-p6-20260915/tasks/*/runs/*/*/ours/trajectory.jsonl
DeepSeek-V4-Flash,SHEETHARNESS-BASIC,SpreadsheetBench v2,Financial Modeling,runtime-code-plus-formula-validation,Act,H,23.00,9.6800,968,64.88,100,100,benchmarks/results/deepseek-v4-flash-harness-v26-basic-v2-p6-20260915/tasks/*/runs/*/*/ours/trajectory.jsonl
DeepSeek-V4-Flash,SHEETHARNESS-BASIC,SpreadsheetBench v2,Financial Modeling,profile-deterministic-compact,Observe,H,100.00,1.0000,100,6.70,100,100,benchmarks/results/deepseek-v4-flash-harness-v26-basic-v2-p6-20260915/tasks/*/runs/*/*/ours/trajectory.jsonl
DeepSeek-V4-Flash,SHEETHARNESS-BASIC,SpreadsheetBench v2,Financial Modeling,policy-ours,Control,H,100.00,1.2300,123,8.24,100,100,benchmarks/results/deepseek-v4-flash-harness-v26-basic-v2-p6-20260915/tasks/*/runs/*/*/ours/trajectory.jsonl
DeepSeek-V4-Flash,SHEETHARNESS-BASIC,SpreadsheetBench v2,Financial Modeling,skill-spreadsheet-structure,Observe,H,0.00,0.0000,0,0.00,100,100,benchmarks/results/deepseek-v4-flash-harness-v26-basic-v2-p6-20260915/tasks/*/runs/*/*/ours/trajectory.jsonl
DeepSeek-V4-Flash,SHEETHARNESS-BASIC,SpreadsheetBench v2,Financial Modeling,skill-spreadsheet-formula,Knowledge,H,100.00,1.0000,100,6.70,100,100,benchmarks/results/deepseek-v4-flash-harness-v26-basic-v2-p6-20260915/tasks/*/runs/*/*/ours/trajectory.jsonl
DeepSeek-V4-Flash,SHEETHARNESS-BASIC,SpreadsheetBench v2,Financial Modeling,skill-spreadsheet-manipulation,Act,H,15.00,0.1500,15,1.01,100,100,benchmarks/results/deepseek-v4-flash-harness-v26-basic-v2-p6-20260915/tasks/*/runs/*/*/ours/trajectory.jsonl
DeepSeek-V4-Flash,SHEETHARNESS-BASIC,SpreadsheetBench v2,Financial Modeling,skill-spreadsheet-analysis,Observe,H,43.00,0.4300,43,2.88,100,100,benchmarks/results/deepseek-v4-flash-harness-v26-basic-v2-p6-20260915/tasks/*/runs/*/*/ours/trajectory.jsonl
DeepSeek-V4-Flash,SHEETHARNESS-BASIC,SpreadsheetBench v2,Financial Modeling,skill-spreadsheet-visualization,Knowledge,H,0.00,0.0000,0,0.00,100,100,benchmarks/results/deepseek-v4-flash-harness-v26-basic-v2-p6-20260915/tasks/*/runs/*/*/ours/trajectory.jsonl
DeepSeek-V4-Flash,SHEETHARNESS-BASIC,SpreadsheetBench v2,Financial Modeling,skill-spreadsheet-verification,Verify,H,92.00,0.9200,92,6.17,100,100,benchmarks/results/deepseek-v4-flash-harness-v26-basic-v2-p6-20260915/tasks/*/runs/*/*/ours/trajectory.jsonl
DeepSeek-V4-Flash,SHEETHARNESS-BASIC,SpreadsheetBench v2,Financial Modeling,skill-spreadsheet-memory,Knowledge,H,0.00,0.0000,0,0.00,100,100,benchmarks/results/deepseek-v4-flash-harness-v26-basic-v2-p6-20260915/tasks/*/runs/*/*/ours/trajectory.jsonl
DeepSeek-V4-Flash,SHEETHARNESS-BASIC,SpreadsheetBench v2,Financial Modeling,verifier-formula-runtime,Verify,H,22.00,0.5100,51,3.42,100,100,benchmarks/results/deepseek-v4-flash-harness-v26-basic-v2-p6-20260915/tasks/*/runs/*/*/ours/trajectory.jsonl
DeepSeek-V4-Flash,SHEETHARNESS-BASIC,SpreadsheetBench v2,Financial Modeling,repair-date-text,Repair,H,0.00,0.0000,0,0.00,100,100,benchmarks/results/deepseek-v4-flash-harness-v26-basic-v2-p6-20260915/tasks/*/runs/*/*/ours/trajectory.jsonl
DeepSeek-V4-Flash,SHEETHARNESS-BASIC,SpreadsheetBench v2,Financial Modeling,skill-spreadsheet-financial-model,Knowledge,D,0.00,0.0000,0,0.00,100,100,benchmarks/results/deepseek-v4-flash-harness-v26-basic-v2-p6-20260915/tasks/*/runs/*/*/ours/trajectory.jsonl
DeepSeek-V4-Flash,SHEETHARNESS-BASIC,SpreadsheetBench v2,Debugging,runtime-code-plus-formula-validation,Act,H,90.00,27.4100,2741,82.68,100,100,benchmarks/results/deepseek-v4-flash-harness-v26-basic-v2-p6-20260915/tasks/*/runs/*/*/ours/trajectory.jsonl
DeepSeek-V4-Flash,SHEETHARNESS-BASIC,SpreadsheetBench v2,Debugging,profile-deterministic-compact,Observe,H,100.00,1.0000,100,3.02,100,100,benchmarks/results/deepseek-v4-flash-harness-v26-basic-v2-p6-20260915/tasks/*/runs/*/*/ours/trajectory.jsonl
DeepSeek-V4-Flash,SHEETHARNESS-BASIC,SpreadsheetBench v2,Debugging,policy-ours,Control,H,90.00,1.3400,134,4.04,100,100,benchmarks/results/deepseek-v4-flash-harness-v26-basic-v2-p6-20260915/tasks/*/runs/*/*/ours/trajectory.jsonl
DeepSeek-V4-Flash,SHEETHARNESS-BASIC,SpreadsheetBench v2,Debugging,skill-spreadsheet-structure,Observe,H,0.00,0.0000,0,0.00,100,100,benchmarks/results/deepseek-v4-flash-harness-v26-basic-v2-p6-20260915/tasks/*/runs/*/*/ours/trajectory.jsonl
DeepSeek-V4-Flash,SHEETHARNESS-BASIC,SpreadsheetBench v2,Debugging,skill-spreadsheet-formula,Knowledge,H,100.00,1.0000,100,3.02,100,100,benchmarks/results/deepseek-v4-flash-harness-v26-basic-v2-p6-20260915/tasks/*/runs/*/*/ours/trajectory.jsonl
DeepSeek-V4-Flash,SHEETHARNESS-BASIC,SpreadsheetBench v2,Debugging,skill-spreadsheet-manipulation,Act,H,32.00,0.3200,32,0.97,100,100,benchmarks/results/deepseek-v4-flash-harness-v26-basic-v2-p6-20260915/tasks/*/runs/*/*/ours/trajectory.jsonl
DeepSeek-V4-Flash,SHEETHARNESS-BASIC,SpreadsheetBench v2,Debugging,skill-spreadsheet-analysis,Observe,H,0.00,0.0000,0,0.00,100,100,benchmarks/results/deepseek-v4-flash-harness-v26-basic-v2-p6-20260915/tasks/*/runs/*/*/ours/trajectory.jsonl
DeepSeek-V4-Flash,SHEETHARNESS-BASIC,SpreadsheetBench v2,Debugging,skill-spreadsheet-visualization,Knowledge,H,0.00,0.0000,0,0.00,100,100,benchmarks/results/deepseek-v4-flash-harness-v26-basic-v2-p6-20260915/tasks/*/runs/*/*/ours/trajectory.jsonl
DeepSeek-V4-Flash,SHEETHARNESS-BASIC,SpreadsheetBench v2,Debugging,skill-spreadsheet-verification,Verify,H,100.00,1.0000,100,3.02,100,100,benchmarks/results/deepseek-v4-flash-harness-v26-basic-v2-p6-20260915/tasks/*/runs/*/*/ours/trajectory.jsonl
DeepSeek-V4-Flash,SHEETHARNESS-BASIC,SpreadsheetBench v2,Debugging,skill-spreadsheet-memory,Knowledge,H,0.00,0.0000,0,0.00,100,100,benchmarks/results/deepseek-v4-flash-harness-v26-basic-v2-p6-20260915/tasks/*/runs/*/*/ours/trajectory.jsonl
DeepSeek-V4-Flash,SHEETHARNESS-BASIC,SpreadsheetBench v2,Debugging,verifier-formula-runtime,Verify,H,75.00,1.0800,108,3.26,100,100,benchmarks/results/deepseek-v4-flash-harness-v26-basic-v2-p6-20260915/tasks/*/runs/*/*/ours/trajectory.jsonl
DeepSeek-V4-Flash,SHEETHARNESS-BASIC,SpreadsheetBench v2,Debugging,repair-date-text,Repair,H,0.00,0.0000,0,0.00,100,100,benchmarks/results/deepseek-v4-flash-harness-v26-basic-v2-p6-20260915/tasks/*/runs/*/*/ours/trajectory.jsonl
DeepSeek-V4-Flash,SHEETHARNESS-BASIC,SpreadsheetBench v2,Debugging,skill-spreadsheet-financial-model,Knowledge,D,0.00,0.0000,0,0.00,100,100,benchmarks/results/deepseek-v4-flash-harness-v26-basic-v2-p6-20260915/tasks/*/runs/*/*/ours/trajectory.jsonl
DeepSeek-V4-Flash,SHEETHARNESS-BASIC,SpreadsheetBench v2,Visualization,runtime-code-plus-formula-validation,Act,H,100.00,33.1250,795,83.51,24,24,benchmarks/results/deepseek-v4-flash-harness-v26-basic-v2-p6-20260915/tasks/*/runs/*/*/ours/trajectory.jsonl
DeepSeek-V4-Flash,SHEETHARNESS-BASIC,SpreadsheetBench v2,Visualization,profile-deterministic-compact,Observe,H,100.00,1.0000,24,2.52,24,24,benchmarks/results/deepseek-v4-flash-harness-v26-basic-v2-p6-20260915/tasks/*/runs/*/*/ours/trajectory.jsonl
DeepSeek-V4-Flash,SHEETHARNESS-BASIC,SpreadsheetBench v2,Visualization,policy-ours,Control,H,100.00,2.0000,48,5.04,24,24,benchmarks/results/deepseek-v4-flash-harness-v26-basic-v2-p6-20260915/tasks/*/runs/*/*/ours/trajectory.jsonl
DeepSeek-V4-Flash,SHEETHARNESS-BASIC,SpreadsheetBench v2,Visualization,skill-spreadsheet-structure,Observe,H,0.00,0.0000,0,0.00,24,24,benchmarks/results/deepseek-v4-flash-harness-v26-basic-v2-p6-20260915/tasks/*/runs/*/*/ours/trajectory.jsonl
DeepSeek-V4-Flash,SHEETHARNESS-BASIC,SpreadsheetBench v2,Visualization,skill-spreadsheet-formula,Knowledge,H,16.67,0.1667,4,0.42,24,24,benchmarks/results/deepseek-v4-flash-harness-v26-basic-v2-p6-20260915/tasks/*/runs/*/*/ours/trajectory.jsonl
DeepSeek-V4-Flash,SHEETHARNESS-BASIC,SpreadsheetBench v2,Visualization,skill-spreadsheet-manipulation,Act,H,100.00,1.0000,24,2.52,24,24,benchmarks/results/deepseek-v4-flash-harness-v26-basic-v2-p6-20260915/tasks/*/runs/*/*/ours/trajectory.jsonl
DeepSeek-V4-Flash,SHEETHARNESS-BASIC,SpreadsheetBench v2,Visualization,skill-spreadsheet-analysis,Observe,H,37.50,0.3750,9,0.95,24,24,benchmarks/results/deepseek-v4-flash-harness-v26-basic-v2-p6-20260915/tasks/*/runs/*/*/ours/trajectory.jsonl
DeepSeek-V4-Flash,SHEETHARNESS-BASIC,SpreadsheetBench v2,Visualization,skill-spreadsheet-visualization,Knowledge,H,0.00,0.0000,0,0.00,24,24,benchmarks/results/deepseek-v4-flash-harness-v26-basic-v2-p6-20260915/tasks/*/runs/*/*/ours/trajectory.jsonl
DeepSeek-V4-Flash,SHEETHARNESS-BASIC,SpreadsheetBench v2,Visualization,skill-spreadsheet-verification,Verify,H,95.83,0.9583,23,2.42,24,24,benchmarks/results/deepseek-v4-flash-harness-v26-basic-v2-p6-20260915/tasks/*/runs/*/*/ours/trajectory.jsonl
DeepSeek-V4-Flash,SHEETHARNESS-BASIC,SpreadsheetBench v2,Visualization,skill-spreadsheet-memory,Knowledge,H,0.00,0.0000,0,0.00,24,24,benchmarks/results/deepseek-v4-flash-harness-v26-basic-v2-p6-20260915/tasks/*/runs/*/*/ours/trajectory.jsonl
DeepSeek-V4-Flash,SHEETHARNESS-BASIC,SpreadsheetBench v2,Visualization,verifier-formula-runtime,Verify,H,33.33,1.0417,25,2.63,24,24,benchmarks/results/deepseek-v4-flash-harness-v26-basic-v2-p6-20260915/tasks/*/runs/*/*/ours/trajectory.jsonl
DeepSeek-V4-Flash,SHEETHARNESS-BASIC,SpreadsheetBench v2,Visualization,repair-date-text,Repair,H,0.00,0.0000,0,0.00,24,24,benchmarks/results/deepseek-v4-flash-harness-v26-basic-v2-p6-20260915/tasks/*/runs/*/*/ours/trajectory.jsonl
DeepSeek-V4-Flash,SHEETHARNESS-BASIC,SpreadsheetBench v2,Visualization,skill-spreadsheet-financial-model,Knowledge,D,0.00,0.0000,0,0.00,24,24,benchmarks/results/deepseek-v4-flash-harness-v26-basic-v2-p6-20260915/tasks/*/runs/*/*/ours/trajectory.jsonl
DeepSeek-V4-Flash,SHEETHARNESS-FINANCIAL,SpreadsheetBench v2,Template,runtime-code-plus-formula-validation,Act,H,92.78,13.0206,1263,67.61,97,97,benchmarks/results/deepseek-v4-flash-harness-v26-all-v2-p6-20260915/tasks/*/runs/*/*/ours/trajectory.jsonl
DeepSeek-V4-Flash,SHEETHARNESS-FINANCIAL,SpreadsheetBench v2,Template,profile-deterministic-compact,Observe,H,100.00,1.0000,97,5.19,97,97,benchmarks/results/deepseek-v4-flash-harness-v26-all-v2-p6-20260915/tasks/*/runs/*/*/ours/trajectory.jsonl
DeepSeek-V4-Flash,SHEETHARNESS-FINANCIAL,SpreadsheetBench v2,Template,policy-ours,Control,H,92.78,0.9278,90,4.82,97,97,benchmarks/results/deepseek-v4-flash-harness-v26-all-v2-p6-20260915/tasks/*/runs/*/*/ours/trajectory.jsonl
DeepSeek-V4-Flash,SHEETHARNESS-FINANCIAL,SpreadsheetBench v2,Template,skill-spreadsheet-structure,Observe,H,18.56,0.1856,18,0.96,97,97,benchmarks/results/deepseek-v4-flash-harness-v26-all-v2-p6-20260915/tasks/*/runs/*/*/ours/trajectory.jsonl
DeepSeek-V4-Flash,SHEETHARNESS-FINANCIAL,SpreadsheetBench v2,Template,skill-spreadsheet-formula,Knowledge,H,84.54,0.8454,82,4.39,97,97,benchmarks/results/deepseek-v4-flash-harness-v26-all-v2-p6-20260915/tasks/*/runs/*/*/ours/trajectory.jsonl
DeepSeek-V4-Flash,SHEETHARNESS-FINANCIAL,SpreadsheetBench v2,Template,skill-spreadsheet-manipulation,Act,H,18.56,0.1856,18,0.96,97,97,benchmarks/results/deepseek-v4-flash-harness-v26-all-v2-p6-20260915/tasks/*/runs/*/*/ours/trajectory.jsonl
DeepSeek-V4-Flash,SHEETHARNESS-FINANCIAL,SpreadsheetBench v2,Template,skill-spreadsheet-analysis,Observe,H,8.25,0.0825,8,0.43,97,97,benchmarks/results/deepseek-v4-flash-harness-v26-all-v2-p6-20260915/tasks/*/runs/*/*/ours/trajectory.jsonl
DeepSeek-V4-Flash,SHEETHARNESS-FINANCIAL,SpreadsheetBench v2,Template,skill-spreadsheet-visualization,Knowledge,H,0.00,0.0000,0,0.00,97,97,benchmarks/results/deepseek-v4-flash-harness-v26-all-v2-p6-20260915/tasks/*/runs/*/*/ours/trajectory.jsonl
DeepSeek-V4-Flash,SHEETHARNESS-FINANCIAL,SpreadsheetBench v2,Template,skill-spreadsheet-verification,Verify,H,88.66,0.8866,86,4.60,97,97,benchmarks/results/deepseek-v4-flash-harness-v26-all-v2-p6-20260915/tasks/*/runs/*/*/ours/trajectory.jsonl
DeepSeek-V4-Flash,SHEETHARNESS-FINANCIAL,SpreadsheetBench v2,Template,skill-spreadsheet-memory,Knowledge,H,0.00,0.0000,0,0.00,97,97,benchmarks/results/deepseek-v4-flash-harness-v26-all-v2-p6-20260915/tasks/*/runs/*/*/ours/trajectory.jsonl
DeepSeek-V4-Flash,SHEETHARNESS-FINANCIAL,SpreadsheetBench v2,Template,verifier-formula-runtime,Verify,H,88.66,1.3093,127,6.80,97,97,benchmarks/results/deepseek-v4-flash-harness-v26-all-v2-p6-20260915/tasks/*/runs/*/*/ours/trajectory.jsonl
DeepSeek-V4-Flash,SHEETHARNESS-FINANCIAL,SpreadsheetBench v2,Template,repair-date-text,Repair,H,0.00,0.0000,0,0.00,97,97,benchmarks/results/deepseek-v4-flash-harness-v26-all-v2-p6-20260915/tasks/*/runs/*/*/ours/trajectory.jsonl
DeepSeek-V4-Flash,SHEETHARNESS-FINANCIAL,SpreadsheetBench v2,Template,skill-spreadsheet-financial-model,Knowledge,D,81.44,0.8144,79,4.23,97,97,benchmarks/results/deepseek-v4-flash-harness-v26-all-v2-p6-20260915/tasks/*/runs/*/*/ours/trajectory.jsonl
DeepSeek-V4-Flash,SHEETHARNESS-FINANCIAL,SpreadsheetBench v2,Financial Modeling,runtime-code-plus-formula-validation,Act,H,89.00,32.7300,3273,80.10,100,100,benchmarks/results/deepseek-v4-flash-harness-v26-all-v2-p6-20260915/tasks/*/runs/*/*/ours/trajectory.jsonl
DeepSeek-V4-Flash,SHEETHARNESS-FINANCIAL,SpreadsheetBench v2,Financial Modeling,profile-deterministic-compact,Observe,H,100.00,1.0000,100,2.45,100,100,benchmarks/results/deepseek-v4-flash-harness-v26-all-v2-p6-20260915/tasks/*/runs/*/*/ours/trajectory.jsonl
DeepSeek-V4-Flash,SHEETHARNESS-FINANCIAL,SpreadsheetBench v2,Financial Modeling,policy-ours,Control,H,89.00,1.7800,178,4.36,100,100,benchmarks/results/deepseek-v4-flash-harness-v26-all-v2-p6-20260915/tasks/*/runs/*/*/ours/trajectory.jsonl
DeepSeek-V4-Flash,SHEETHARNESS-FINANCIAL,SpreadsheetBench v2,Financial Modeling,skill-spreadsheet-structure,Observe,H,0.00,0.0000,0,0.00,100,100,benchmarks/results/deepseek-v4-flash-harness-v26-all-v2-p6-20260915/tasks/*/runs/*/*/ours/trajectory.jsonl
DeepSeek-V4-Flash,SHEETHARNESS-FINANCIAL,SpreadsheetBench v2,Financial Modeling,skill-spreadsheet-formula,Knowledge,H,100.00,1.0000,100,2.45,100,100,benchmarks/results/deepseek-v4-flash-harness-v26-all-v2-p6-20260915/tasks/*/runs/*/*/ours/trajectory.jsonl
DeepSeek-V4-Flash,SHEETHARNESS-FINANCIAL,SpreadsheetBench v2,Financial Modeling,skill-spreadsheet-manipulation,Act,H,15.00,0.1500,15,0.37,100,100,benchmarks/results/deepseek-v4-flash-harness-v26-all-v2-p6-20260915/tasks/*/runs/*/*/ours/trajectory.jsonl
DeepSeek-V4-Flash,SHEETHARNESS-FINANCIAL,SpreadsheetBench v2,Financial Modeling,skill-spreadsheet-analysis,Observe,H,35.00,0.3500,35,0.86,100,100,benchmarks/results/deepseek-v4-flash-harness-v26-all-v2-p6-20260915/tasks/*/runs/*/*/ours/trajectory.jsonl
DeepSeek-V4-Flash,SHEETHARNESS-FINANCIAL,SpreadsheetBench v2,Financial Modeling,skill-spreadsheet-visualization,Knowledge,H,0.00,0.0000,0,0.00,100,100,benchmarks/results/deepseek-v4-flash-harness-v26-all-v2-p6-20260915/tasks/*/runs/*/*/ours/trajectory.jsonl
DeepSeek-V4-Flash,SHEETHARNESS-FINANCIAL,SpreadsheetBench v2,Financial Modeling,skill-spreadsheet-verification,Verify,H,50.00,0.5000,50,1.22,100,100,benchmarks/results/deepseek-v4-flash-harness-v26-all-v2-p6-20260915/tasks/*/runs/*/*/ours/trajectory.jsonl
DeepSeek-V4-Flash,SHEETHARNESS-FINANCIAL,SpreadsheetBench v2,Financial Modeling,skill-spreadsheet-memory,Knowledge,H,0.00,0.0000,0,0.00,100,100,benchmarks/results/deepseek-v4-flash-harness-v26-all-v2-p6-20260915/tasks/*/runs/*/*/ours/trajectory.jsonl
DeepSeek-V4-Flash,SHEETHARNESS-FINANCIAL,SpreadsheetBench v2,Financial Modeling,verifier-formula-runtime,Verify,H,86.00,1.7700,177,4.33,100,100,benchmarks/results/deepseek-v4-flash-harness-v26-all-v2-p6-20260915/tasks/*/runs/*/*/ours/trajectory.jsonl
DeepSeek-V4-Flash,SHEETHARNESS-FINANCIAL,SpreadsheetBench v2,Financial Modeling,repair-date-text,Repair,H,0.00,0.0000,0,0.00,100,100,benchmarks/results/deepseek-v4-flash-harness-v26-all-v2-p6-20260915/tasks/*/runs/*/*/ours/trajectory.jsonl
DeepSeek-V4-Flash,SHEETHARNESS-FINANCIAL,SpreadsheetBench v2,Financial Modeling,skill-spreadsheet-financial-model,Knowledge,D,100.00,1.5800,158,3.87,100,100,benchmarks/results/deepseek-v4-flash-harness-v26-all-v2-p6-20260915/tasks/*/runs/*/*/ours/trajectory.jsonl
DeepSeek-V4-Flash,SHEETHARNESS-FINANCIAL,SpreadsheetBench v2,Debugging,runtime-code-plus-formula-validation,Act,H,90.00,25.3800,2538,81.37,100,100,benchmarks/results/deepseek-v4-flash-harness-v26-all-v2-p6-20260915/tasks/*/runs/*/*/ours/trajectory.jsonl
DeepSeek-V4-Flash,SHEETHARNESS-FINANCIAL,SpreadsheetBench v2,Debugging,profile-deterministic-compact,Observe,H,100.00,1.0000,100,3.21,100,100,benchmarks/results/deepseek-v4-flash-harness-v26-all-v2-p6-20260915/tasks/*/runs/*/*/ours/trajectory.jsonl
DeepSeek-V4-Flash,SHEETHARNESS-FINANCIAL,SpreadsheetBench v2,Debugging,policy-ours,Control,H,90.00,1.3400,134,4.30,100,100,benchmarks/results/deepseek-v4-flash-harness-v26-all-v2-p6-20260915/tasks/*/runs/*/*/ours/trajectory.jsonl
DeepSeek-V4-Flash,SHEETHARNESS-FINANCIAL,SpreadsheetBench v2,Debugging,skill-spreadsheet-structure,Observe,H,0.00,0.0000,0,0.00,100,100,benchmarks/results/deepseek-v4-flash-harness-v26-all-v2-p6-20260915/tasks/*/runs/*/*/ours/trajectory.jsonl
DeepSeek-V4-Flash,SHEETHARNESS-FINANCIAL,SpreadsheetBench v2,Debugging,skill-spreadsheet-formula,Knowledge,H,100.00,1.0000,100,3.21,100,100,benchmarks/results/deepseek-v4-flash-harness-v26-all-v2-p6-20260915/tasks/*/runs/*/*/ours/trajectory.jsonl
DeepSeek-V4-Flash,SHEETHARNESS-FINANCIAL,SpreadsheetBench v2,Debugging,skill-spreadsheet-manipulation,Act,H,32.00,0.3200,32,1.03,100,100,benchmarks/results/deepseek-v4-flash-harness-v26-all-v2-p6-20260915/tasks/*/runs/*/*/ours/trajectory.jsonl
DeepSeek-V4-Flash,SHEETHARNESS-FINANCIAL,SpreadsheetBench v2,Debugging,skill-spreadsheet-analysis,Observe,H,0.00,0.0000,0,0.00,100,100,benchmarks/results/deepseek-v4-flash-harness-v26-all-v2-p6-20260915/tasks/*/runs/*/*/ours/trajectory.jsonl
DeepSeek-V4-Flash,SHEETHARNESS-FINANCIAL,SpreadsheetBench v2,Debugging,skill-spreadsheet-visualization,Knowledge,H,0.00,0.0000,0,0.00,100,100,benchmarks/results/deepseek-v4-flash-harness-v26-all-v2-p6-20260915/tasks/*/runs/*/*/ours/trajectory.jsonl
DeepSeek-V4-Flash,SHEETHARNESS-FINANCIAL,SpreadsheetBench v2,Debugging,skill-spreadsheet-verification,Verify,H,100.00,1.0000,100,3.21,100,100,benchmarks/results/deepseek-v4-flash-harness-v26-all-v2-p6-20260915/tasks/*/runs/*/*/ours/trajectory.jsonl
DeepSeek-V4-Flash,SHEETHARNESS-FINANCIAL,SpreadsheetBench v2,Debugging,skill-spreadsheet-memory,Knowledge,H,0.00,0.0000,0,0.00,100,100,benchmarks/results/deepseek-v4-flash-harness-v26-all-v2-p6-20260915/tasks/*/runs/*/*/ours/trajectory.jsonl
DeepSeek-V4-Flash,SHEETHARNESS-FINANCIAL,SpreadsheetBench v2,Debugging,verifier-formula-runtime,Verify,H,77.00,1.1500,115,3.69,100,100,benchmarks/results/deepseek-v4-flash-harness-v26-all-v2-p6-20260915/tasks/*/runs/*/*/ours/trajectory.jsonl
DeepSeek-V4-Flash,SHEETHARNESS-FINANCIAL,SpreadsheetBench v2,Debugging,repair-date-text,Repair,H,0.00,0.0000,0,0.00,100,100,benchmarks/results/deepseek-v4-flash-harness-v26-all-v2-p6-20260915/tasks/*/runs/*/*/ours/trajectory.jsonl
DeepSeek-V4-Flash,SHEETHARNESS-FINANCIAL,SpreadsheetBench v2,Debugging,skill-spreadsheet-financial-model,Knowledge,D,0.00,0.0000,0,0.00,100,100,benchmarks/results/deepseek-v4-flash-harness-v26-all-v2-p6-20260915/tasks/*/runs/*/*/ours/trajectory.jsonl
DeepSeek-V4-Flash,SHEETHARNESS-FINANCIAL,SpreadsheetBench v2,Visualization,runtime-code-plus-formula-validation,Act,H,100.00,34.1667,820,84.97,24,24,benchmarks/results/deepseek-v4-flash-harness-v26-all-v2-p6-20260915/tasks/*/runs/*/*/ours/trajectory.jsonl
DeepSeek-V4-Flash,SHEETHARNESS-FINANCIAL,SpreadsheetBench v2,Visualization,profile-deterministic-compact,Observe,H,100.00,1.0000,24,2.49,24,24,benchmarks/results/deepseek-v4-flash-harness-v26-all-v2-p6-20260915/tasks/*/runs/*/*/ours/trajectory.jsonl
DeepSeek-V4-Flash,SHEETHARNESS-FINANCIAL,SpreadsheetBench v2,Visualization,policy-ours,Control,H,100.00,2.0000,48,4.97,24,24,benchmarks/results/deepseek-v4-flash-harness-v26-all-v2-p6-20260915/tasks/*/runs/*/*/ours/trajectory.jsonl
DeepSeek-V4-Flash,SHEETHARNESS-FINANCIAL,SpreadsheetBench v2,Visualization,skill-spreadsheet-structure,Observe,H,0.00,0.0000,0,0.00,24,24,benchmarks/results/deepseek-v4-flash-harness-v26-all-v2-p6-20260915/tasks/*/runs/*/*/ours/trajectory.jsonl
DeepSeek-V4-Flash,SHEETHARNESS-FINANCIAL,SpreadsheetBench v2,Visualization,skill-spreadsheet-formula,Knowledge,H,16.67,0.1667,4,0.41,24,24,benchmarks/results/deepseek-v4-flash-harness-v26-all-v2-p6-20260915/tasks/*/runs/*/*/ours/trajectory.jsonl
DeepSeek-V4-Flash,SHEETHARNESS-FINANCIAL,SpreadsheetBench v2,Visualization,skill-spreadsheet-manipulation,Act,H,100.00,1.0000,24,2.49,24,24,benchmarks/results/deepseek-v4-flash-harness-v26-all-v2-p6-20260915/tasks/*/runs/*/*/ours/trajectory.jsonl
DeepSeek-V4-Flash,SHEETHARNESS-FINANCIAL,SpreadsheetBench v2,Visualization,skill-spreadsheet-analysis,Observe,H,37.50,0.3750,9,0.93,24,24,benchmarks/results/deepseek-v4-flash-harness-v26-all-v2-p6-20260915/tasks/*/runs/*/*/ours/trajectory.jsonl
DeepSeek-V4-Flash,SHEETHARNESS-FINANCIAL,SpreadsheetBench v2,Visualization,skill-spreadsheet-visualization,Knowledge,H,0.00,0.0000,0,0.00,24,24,benchmarks/results/deepseek-v4-flash-harness-v26-all-v2-p6-20260915/tasks/*/runs/*/*/ours/trajectory.jsonl
DeepSeek-V4-Flash,SHEETHARNESS-FINANCIAL,SpreadsheetBench v2,Visualization,skill-spreadsheet-verification,Verify,H,95.83,0.9583,23,2.38,24,24,benchmarks/results/deepseek-v4-flash-harness-v26-all-v2-p6-20260915/tasks/*/runs/*/*/ours/trajectory.jsonl
DeepSeek-V4-Flash,SHEETHARNESS-FINANCIAL,SpreadsheetBench v2,Visualization,skill-spreadsheet-memory,Knowledge,H,0.00,0.0000,0,0.00,24,24,benchmarks/results/deepseek-v4-flash-harness-v26-all-v2-p6-20260915/tasks/*/runs/*/*/ours/trajectory.jsonl
DeepSeek-V4-Flash,SHEETHARNESS-FINANCIAL,SpreadsheetBench v2,Visualization,verifier-formula-runtime,Verify,H,41.67,0.5417,13,1.35,24,24,benchmarks/results/deepseek-v4-flash-harness-v26-all-v2-p6-20260915/tasks/*/runs/*/*/ours/trajectory.jsonl
DeepSeek-V4-Flash,SHEETHARNESS-FINANCIAL,SpreadsheetBench v2,Visualization,repair-date-text,Repair,H,0.00,0.0000,0,0.00,24,24,benchmarks/results/deepseek-v4-flash-harness-v26-all-v2-p6-20260915/tasks/*/runs/*/*/ours/trajectory.jsonl
DeepSeek-V4-Flash,SHEETHARNESS-FINANCIAL,SpreadsheetBench v2,Visualization,skill-spreadsheet-financial-model,Knowledge,D,0.00,0.0000,0,0.00,24,24,benchmarks/results/deepseek-v4-flash-harness-v26-all-v2-p6-20260915/tasks/*/runs/*/*/ours/trajectory.jsonl
Qwen3-Coder-480B,SHEETHARNESS-BASIC,SpreadsheetBench v2,Template,runtime-code-plus-formula-validation,Act,H,,,,,97,0,benchmarks/results/ours-basic-qwen-v2-20260917/**/trajectory.jsonl
Qwen3-Coder-480B,SHEETHARNESS-BASIC,SpreadsheetBench v2,Template,profile-deterministic-compact,Observe,H,,,,,97,0,benchmarks/results/ours-basic-qwen-v2-20260917/**/trajectory.jsonl
Qwen3-Coder-480B,SHEETHARNESS-BASIC,SpreadsheetBench v2,Template,policy-ours,Control,H,,,,,97,0,benchmarks/results/ours-basic-qwen-v2-20260917/**/trajectory.jsonl
Qwen3-Coder-480B,SHEETHARNESS-BASIC,SpreadsheetBench v2,Template,skill-spreadsheet-structure,Observe,H,,,,,97,0,benchmarks/results/ours-basic-qwen-v2-20260917/**/trajectory.jsonl
Qwen3-Coder-480B,SHEETHARNESS-BASIC,SpreadsheetBench v2,Template,skill-spreadsheet-formula,Knowledge,H,,,,,97,0,benchmarks/results/ours-basic-qwen-v2-20260917/**/trajectory.jsonl
Qwen3-Coder-480B,SHEETHARNESS-BASIC,SpreadsheetBench v2,Template,skill-spreadsheet-manipulation,Act,H,,,,,97,0,benchmarks/results/ours-basic-qwen-v2-20260917/**/trajectory.jsonl
Qwen3-Coder-480B,SHEETHARNESS-BASIC,SpreadsheetBench v2,Template,skill-spreadsheet-analysis,Observe,H,,,,,97,0,benchmarks/results/ours-basic-qwen-v2-20260917/**/trajectory.jsonl
Qwen3-Coder-480B,SHEETHARNESS-BASIC,SpreadsheetBench v2,Template,skill-spreadsheet-visualization,Knowledge,H,,,,,97,0,benchmarks/results/ours-basic-qwen-v2-20260917/**/trajectory.jsonl
Qwen3-Coder-480B,SHEETHARNESS-BASIC,SpreadsheetBench v2,Template,skill-spreadsheet-verification,Verify,H,,,,,97,0,benchmarks/results/ours-basic-qwen-v2-20260917/**/trajectory.jsonl
Qwen3-Coder-480B,SHEETHARNESS-BASIC,SpreadsheetBench v2,Template,skill-spreadsheet-memory,Knowledge,H,,,,,97,0,benchmarks/results/ours-basic-qwen-v2-20260917/**/trajectory.jsonl
Qwen3-Coder-480B,SHEETHARNESS-BASIC,SpreadsheetBench v2,Template,verifier-formula-runtime,Verify,H,,,,,97,0,benchmarks/results/ours-basic-qwen-v2-20260917/**/trajectory.jsonl
Qwen3-Coder-480B,SHEETHARNESS-BASIC,SpreadsheetBench v2,Template,repair-date-text,Repair,H,,,,,97,0,benchmarks/results/ours-basic-qwen-v2-20260917/**/trajectory.jsonl
Qwen3-Coder-480B,SHEETHARNESS-BASIC,SpreadsheetBench v2,Template,skill-spreadsheet-financial-model,Knowledge,D,,,,,97,0,benchmarks/results/ours-basic-qwen-v2-20260917/**/trajectory.jsonl
Qwen3-Coder-480B,SHEETHARNESS-BASIC,SpreadsheetBench v2,Financial Modeling,runtime-code-plus-formula-validation,Act,H,100.00,22.8148,616,63.70,100,27,benchmarks/results/ours-basic-qwen-v2-20260917/**/trajectory.jsonl
Qwen3-Coder-480B,SHEETHARNESS-BASIC,SpreadsheetBench v2,Financial Modeling,profile-deterministic-compact,Observe,H,100.00,1.0000,27,2.79,100,27,benchmarks/results/ours-basic-qwen-v2-20260917/**/trajectory.jsonl
Qwen3-Coder-480B,SHEETHARNESS-BASIC,SpreadsheetBench v2,Financial Modeling,policy-ours,Control,H,100.00,1.0000,27,2.79,100,27,benchmarks/results/ours-basic-qwen-v2-20260917/**/trajectory.jsonl
Qwen3-Coder-480B,SHEETHARNESS-BASIC,SpreadsheetBench v2,Financial Modeling,skill-spreadsheet-structure,Observe,H,0.00,0.0000,0,0.00,100,27,benchmarks/results/ours-basic-qwen-v2-20260917/**/trajectory.jsonl
Qwen3-Coder-480B,SHEETHARNESS-BASIC,SpreadsheetBench v2,Financial Modeling,skill-spreadsheet-formula,Knowledge,H,100.00,1.0000,27,2.79,100,27,benchmarks/results/ours-basic-qwen-v2-20260917/**/trajectory.jsonl
Qwen3-Coder-480B,SHEETHARNESS-BASIC,SpreadsheetBench v2,Financial Modeling,skill-spreadsheet-manipulation,Act,H,14.81,0.1481,4,0.41,100,27,benchmarks/results/ours-basic-qwen-v2-20260917/**/trajectory.jsonl
Qwen3-Coder-480B,SHEETHARNESS-BASIC,SpreadsheetBench v2,Financial Modeling,skill-spreadsheet-analysis,Observe,H,29.63,0.2963,8,0.83,100,27,benchmarks/results/ours-basic-qwen-v2-20260917/**/trajectory.jsonl
Qwen3-Coder-480B,SHEETHARNESS-BASIC,SpreadsheetBench v2,Financial Modeling,skill-spreadsheet-visualization,Knowledge,H,0.00,0.0000,0,0.00,100,27,benchmarks/results/ours-basic-qwen-v2-20260917/**/trajectory.jsonl
Qwen3-Coder-480B,SHEETHARNESS-BASIC,SpreadsheetBench v2,Financial Modeling,skill-spreadsheet-verification,Verify,H,92.59,0.9259,25,2.59,100,27,benchmarks/results/ours-basic-qwen-v2-20260917/**/trajectory.jsonl
Qwen3-Coder-480B,SHEETHARNESS-BASIC,SpreadsheetBench v2,Financial Modeling,skill-spreadsheet-memory,Knowledge,H,0.00,0.0000,0,0.00,100,27,benchmarks/results/ours-basic-qwen-v2-20260917/**/trajectory.jsonl
Qwen3-Coder-480B,SHEETHARNESS-BASIC,SpreadsheetBench v2,Financial Modeling,verifier-formula-runtime,Verify,H,100.00,8.6296,233,24.10,100,27,benchmarks/results/ours-basic-qwen-v2-20260917/**/trajectory.jsonl
Qwen3-Coder-480B,SHEETHARNESS-BASIC,SpreadsheetBench v2,Financial Modeling,repair-date-text,Repair,H,0.00,0.0000,0,0.00,100,27,benchmarks/results/ours-basic-qwen-v2-20260917/**/trajectory.jsonl
Qwen3-Coder-480B,SHEETHARNESS-BASIC,SpreadsheetBench v2,Financial Modeling,skill-spreadsheet-financial-model,Knowledge,D,0.00,0.0000,0,0.00,100,27,benchmarks/results/ours-basic-qwen-v2-20260917/**/trajectory.jsonl
Qwen3-Coder-480B,SHEETHARNESS-BASIC,SpreadsheetBench v2,Debugging,runtime-code-plus-formula-validation,Act,H,90.00,15.3900,1539,69.64,100,100,benchmarks/results/ours-basic-qwen-v2-20260917/**/trajectory.jsonl
Qwen3-Coder-480B,SHEETHARNESS-BASIC,SpreadsheetBench v2,Debugging,profile-deterministic-compact,Observe,H,100.00,1.0000,100,4.52,100,100,benchmarks/results/ours-basic-qwen-v2-20260917/**/trajectory.jsonl
Qwen3-Coder-480B,SHEETHARNESS-BASIC,SpreadsheetBench v2,Debugging,policy-ours,Control,H,90.00,1.3400,134,6.06,100,100,benchmarks/results/ours-basic-qwen-v2-20260917/**/trajectory.jsonl
Qwen3-Coder-480B,SHEETHARNESS-BASIC,SpreadsheetBench v2,Debugging,skill-spreadsheet-structure,Observe,H,0.00,0.0000,0,0.00,100,100,benchmarks/results/ours-basic-qwen-v2-20260917/**/trajectory.jsonl
Qwen3-Coder-480B,SHEETHARNESS-BASIC,SpreadsheetBench v2,Debugging,skill-spreadsheet-formula,Knowledge,H,100.00,1.0000,100,4.52,100,100,benchmarks/results/ours-basic-qwen-v2-20260917/**/trajectory.jsonl
Qwen3-Coder-480B,SHEETHARNESS-BASIC,SpreadsheetBench v2,Debugging,skill-spreadsheet-manipulation,Act,H,32.00,0.3200,32,1.45,100,100,benchmarks/results/ours-basic-qwen-v2-20260917/**/trajectory.jsonl
Qwen3-Coder-480B,SHEETHARNESS-BASIC,SpreadsheetBench v2,Debugging,skill-spreadsheet-analysis,Observe,H,0.00,0.0000,0,0.00,100,100,benchmarks/results/ours-basic-qwen-v2-20260917/**/trajectory.jsonl
Qwen3-Coder-480B,SHEETHARNESS-BASIC,SpreadsheetBench v2,Debugging,skill-spreadsheet-visualization,Knowledge,H,0.00,0.0000,0,0.00,100,100,benchmarks/results/ours-basic-qwen-v2-20260917/**/trajectory.jsonl
Qwen3-Coder-480B,SHEETHARNESS-BASIC,SpreadsheetBench v2,Debugging,skill-spreadsheet-verification,Verify,H,100.00,1.0000,100,4.52,100,100,benchmarks/results/ours-basic-qwen-v2-20260917/**/trajectory.jsonl
Qwen3-Coder-480B,SHEETHARNESS-BASIC,SpreadsheetBench v2,Debugging,skill-spreadsheet-memory,Knowledge,H,0.00,0.0000,0,0.00,100,100,benchmarks/results/ours-basic-qwen-v2-20260917/**/trajectory.jsonl
Qwen3-Coder-480B,SHEETHARNESS-BASIC,SpreadsheetBench v2,Debugging,verifier-formula-runtime,Verify,H,78.00,2.0500,205,9.28,100,100,benchmarks/results/ours-basic-qwen-v2-20260917/**/trajectory.jsonl
Qwen3-Coder-480B,SHEETHARNESS-BASIC,SpreadsheetBench v2,Debugging,repair-date-text,Repair,H,0.00,0.0000,0,0.00,100,100,benchmarks/results/ours-basic-qwen-v2-20260917/**/trajectory.jsonl
Qwen3-Coder-480B,SHEETHARNESS-BASIC,SpreadsheetBench v2,Debugging,skill-spreadsheet-financial-model,Knowledge,D,0.00,0.0000,0,0.00,100,100,benchmarks/results/ours-basic-qwen-v2-20260917/**/trajectory.jsonl
Qwen3-Coder-480B,SHEETHARNESS-BASIC,SpreadsheetBench v2,Visualization,runtime-code-plus-formula-validation,Act,H,,,,,24,0,benchmarks/results/ours-basic-qwen-v2-20260917/**/trajectory.jsonl
Qwen3-Coder-480B,SHEETHARNESS-BASIC,SpreadsheetBench v2,Visualization,profile-deterministic-compact,Observe,H,,,,,24,0,benchmarks/results/ours-basic-qwen-v2-20260917/**/trajectory.jsonl
Qwen3-Coder-480B,SHEETHARNESS-BASIC,SpreadsheetBench v2,Visualization,policy-ours,Control,H,,,,,24,0,benchmarks/results/ours-basic-qwen-v2-20260917/**/trajectory.jsonl
Qwen3-Coder-480B,SHEETHARNESS-BASIC,SpreadsheetBench v2,Visualization,skill-spreadsheet-structure,Observe,H,,,,,24,0,benchmarks/results/ours-basic-qwen-v2-20260917/**/trajectory.jsonl
Qwen3-Coder-480B,SHEETHARNESS-BASIC,SpreadsheetBench v2,Visualization,skill-spreadsheet-formula,Knowledge,H,,,,,24,0,benchmarks/results/ours-basic-qwen-v2-20260917/**/trajectory.jsonl
Qwen3-Coder-480B,SHEETHARNESS-BASIC,SpreadsheetBench v2,Visualization,skill-spreadsheet-manipulation,Act,H,,,,,24,0,benchmarks/results/ours-basic-qwen-v2-20260917/**/trajectory.jsonl
Qwen3-Coder-480B,SHEETHARNESS-BASIC,SpreadsheetBench v2,Visualization,skill-spreadsheet-analysis,Observe,H,,,,,24,0,benchmarks/results/ours-basic-qwen-v2-20260917/**/trajectory.jsonl
Qwen3-Coder-480B,SHEETHARNESS-BASIC,SpreadsheetBench v2,Visualization,skill-spreadsheet-visualization,Knowledge,H,,,,,24,0,benchmarks/results/ours-basic-qwen-v2-20260917/**/trajectory.jsonl
Qwen3-Coder-480B,SHEETHARNESS-BASIC,SpreadsheetBench v2,Visualization,skill-spreadsheet-verification,Verify,H,,,,,24,0,benchmarks/results/ours-basic-qwen-v2-20260917/**/trajectory.jsonl
Qwen3-Coder-480B,SHEETHARNESS-BASIC,SpreadsheetBench v2,Visualization,skill-spreadsheet-memory,Knowledge,H,,,,,24,0,benchmarks/results/ours-basic-qwen-v2-20260917/**/trajectory.jsonl
Qwen3-Coder-480B,SHEETHARNESS-BASIC,SpreadsheetBench v2,Visualization,verifier-formula-runtime,Verify,H,,,,,24,0,benchmarks/results/ours-basic-qwen-v2-20260917/**/trajectory.jsonl
Qwen3-Coder-480B,SHEETHARNESS-BASIC,SpreadsheetBench v2,Visualization,repair-date-text,Repair,H,,,,,24,0,benchmarks/results/ours-basic-qwen-v2-20260917/**/trajectory.jsonl
Qwen3-Coder-480B,SHEETHARNESS-BASIC,SpreadsheetBench v2,Visualization,skill-spreadsheet-financial-model,Knowledge,D,,,,,24,0,benchmarks/results/ours-basic-qwen-v2-20260917/**/trajectory.jsonl
Qwen3-Coder-480B,SHEETHARNESS-FINANCIAL,SpreadsheetBench v2,Template,runtime-code-plus-formula-validation,Act,H,92.78,20.6289,2001,73.67,97,97,benchmarks/results/ours-qwen-v2-run2-20260916/**/trajectory.jsonl
Qwen3-Coder-480B,SHEETHARNESS-FINANCIAL,SpreadsheetBench v2,Template,profile-deterministic-compact,Observe,H,100.00,1.0000,97,3.57,97,97,benchmarks/results/ours-qwen-v2-run2-20260916/**/trajectory.jsonl
Qwen3-Coder-480B,SHEETHARNESS-FINANCIAL,SpreadsheetBench v2,Template,policy-ours,Control,H,92.78,0.9278,90,3.31,97,97,benchmarks/results/ours-qwen-v2-run2-20260916/**/trajectory.jsonl
Qwen3-Coder-480B,SHEETHARNESS-FINANCIAL,SpreadsheetBench v2,Template,skill-spreadsheet-structure,Observe,H,18.56,0.1856,18,0.66,97,97,benchmarks/results/ours-qwen-v2-run2-20260916/**/trajectory.jsonl
Qwen3-Coder-480B,SHEETHARNESS-FINANCIAL,SpreadsheetBench v2,Template,skill-spreadsheet-formula,Knowledge,H,84.54,0.8454,82,3.02,97,97,benchmarks/results/ours-qwen-v2-run2-20260916/**/trajectory.jsonl
Qwen3-Coder-480B,SHEETHARNESS-FINANCIAL,SpreadsheetBench v2,Template,skill-spreadsheet-manipulation,Act,H,18.56,0.1856,18,0.66,97,97,benchmarks/results/ours-qwen-v2-run2-20260916/**/trajectory.jsonl
Qwen3-Coder-480B,SHEETHARNESS-FINANCIAL,SpreadsheetBench v2,Template,skill-spreadsheet-analysis,Observe,H,8.25,0.0825,8,0.29,97,97,benchmarks/results/ours-qwen-v2-run2-20260916/**/trajectory.jsonl
Qwen3-Coder-480B,SHEETHARNESS-FINANCIAL,SpreadsheetBench v2,Template,skill-spreadsheet-visualization,Knowledge,H,0.00,0.0000,0,0.00,97,97,benchmarks/results/ours-qwen-v2-run2-20260916/**/trajectory.jsonl
Qwen3-Coder-480B,SHEETHARNESS-FINANCIAL,SpreadsheetBench v2,Template,skill-spreadsheet-verification,Verify,H,88.66,0.8866,86,3.17,97,97,benchmarks/results/ours-qwen-v2-run2-20260916/**/trajectory.jsonl
Qwen3-Coder-480B,SHEETHARNESS-FINANCIAL,SpreadsheetBench v2,Template,skill-spreadsheet-memory,Knowledge,H,0.00,0.0000,0,0.00,97,97,benchmarks/results/ours-qwen-v2-run2-20260916/**/trajectory.jsonl
Qwen3-Coder-480B,SHEETHARNESS-FINANCIAL,SpreadsheetBench v2,Template,verifier-formula-runtime,Verify,H,53.61,2.4433,237,8.73,97,97,benchmarks/results/ours-qwen-v2-run2-20260916/**/trajectory.jsonl
Qwen3-Coder-480B,SHEETHARNESS-FINANCIAL,SpreadsheetBench v2,Template,repair-date-text,Repair,H,0.00,0.0000,0,0.00,97,97,benchmarks/results/ours-qwen-v2-run2-20260916/**/trajectory.jsonl
Qwen3-Coder-480B,SHEETHARNESS-FINANCIAL,SpreadsheetBench v2,Template,skill-spreadsheet-financial-model,Knowledge,D,81.44,0.8144,79,2.91,97,97,benchmarks/results/ours-qwen-v2-run2-20260916/**/trajectory.jsonl
Qwen3-Coder-480B,SHEETHARNESS-FINANCIAL,SpreadsheetBench v2,Financial Modeling,runtime-code-plus-formula-validation,Act,H,89.00,16.2600,1626,60.65,100,100,benchmarks/results/ours-qwen-v2-run2-20260916/**/trajectory.jsonl
Qwen3-Coder-480B,SHEETHARNESS-FINANCIAL,SpreadsheetBench v2,Financial Modeling,profile-deterministic-compact,Observe,H,100.00,1.0000,100,3.73,100,100,benchmarks/results/ours-qwen-v2-run2-20260916/**/trajectory.jsonl
Qwen3-Coder-480B,SHEETHARNESS-FINANCIAL,SpreadsheetBench v2,Financial Modeling,policy-ours,Control,H,89.00,1.7800,178,6.64,100,100,benchmarks/results/ours-qwen-v2-run2-20260916/**/trajectory.jsonl
Qwen3-Coder-480B,SHEETHARNESS-FINANCIAL,SpreadsheetBench v2,Financial Modeling,skill-spreadsheet-structure,Observe,H,0.00,0.0000,0,0.00,100,100,benchmarks/results/ours-qwen-v2-run2-20260916/**/trajectory.jsonl
Qwen3-Coder-480B,SHEETHARNESS-FINANCIAL,SpreadsheetBench v2,Financial Modeling,skill-spreadsheet-formula,Knowledge,H,100.00,1.0000,100,3.73,100,100,benchmarks/results/ours-qwen-v2-run2-20260916/**/trajectory.jsonl
Qwen3-Coder-480B,SHEETHARNESS-FINANCIAL,SpreadsheetBench v2,Financial Modeling,skill-spreadsheet-manipulation,Act,H,15.00,0.1500,15,0.56,100,100,benchmarks/results/ours-qwen-v2-run2-20260916/**/trajectory.jsonl
Qwen3-Coder-480B,SHEETHARNESS-FINANCIAL,SpreadsheetBench v2,Financial Modeling,skill-spreadsheet-analysis,Observe,H,35.00,0.3500,35,1.31,100,100,benchmarks/results/ours-qwen-v2-run2-20260916/**/trajectory.jsonl
Qwen3-Coder-480B,SHEETHARNESS-FINANCIAL,SpreadsheetBench v2,Financial Modeling,skill-spreadsheet-visualization,Knowledge,H,0.00,0.0000,0,0.00,100,100,benchmarks/results/ours-qwen-v2-run2-20260916/**/trajectory.jsonl
Qwen3-Coder-480B,SHEETHARNESS-FINANCIAL,SpreadsheetBench v2,Financial Modeling,skill-spreadsheet-verification,Verify,H,50.00,0.5000,50,1.86,100,100,benchmarks/results/ours-qwen-v2-run2-20260916/**/trajectory.jsonl
Qwen3-Coder-480B,SHEETHARNESS-FINANCIAL,SpreadsheetBench v2,Financial Modeling,skill-spreadsheet-memory,Knowledge,H,0.00,0.0000,0,0.00,100,100,benchmarks/results/ours-qwen-v2-run2-20260916/**/trajectory.jsonl
Qwen3-Coder-480B,SHEETHARNESS-FINANCIAL,SpreadsheetBench v2,Financial Modeling,verifier-formula-runtime,Verify,H,88.00,4.1900,419,15.63,100,100,benchmarks/results/ours-qwen-v2-run2-20260916/**/trajectory.jsonl
Qwen3-Coder-480B,SHEETHARNESS-FINANCIAL,SpreadsheetBench v2,Financial Modeling,repair-date-text,Repair,H,0.00,0.0000,0,0.00,100,100,benchmarks/results/ours-qwen-v2-run2-20260916/**/trajectory.jsonl
Qwen3-Coder-480B,SHEETHARNESS-FINANCIAL,SpreadsheetBench v2,Financial Modeling,skill-spreadsheet-financial-model,Knowledge,D,100.00,1.5800,158,5.89,100,100,benchmarks/results/ours-qwen-v2-run2-20260916/**/trajectory.jsonl
Qwen3-Coder-480B,SHEETHARNESS-FINANCIAL,SpreadsheetBench v2,Debugging,runtime-code-plus-formula-validation,Act,H,90.00,14.3500,1435,68.43,100,100,benchmarks/results/ours-qwen-v2-run2-20260916/**/trajectory.jsonl
Qwen3-Coder-480B,SHEETHARNESS-FINANCIAL,SpreadsheetBench v2,Debugging,profile-deterministic-compact,Observe,H,100.00,1.0000,100,4.77,100,100,benchmarks/results/ours-qwen-v2-run2-20260916/**/trajectory.jsonl
Qwen3-Coder-480B,SHEETHARNESS-FINANCIAL,SpreadsheetBench v2,Debugging,policy-ours,Control,H,90.00,1.3400,134,6.39,100,100,benchmarks/results/ours-qwen-v2-run2-20260916/**/trajectory.jsonl
Qwen3-Coder-480B,SHEETHARNESS-FINANCIAL,SpreadsheetBench v2,Debugging,skill-spreadsheet-structure,Observe,H,0.00,0.0000,0,0.00,100,100,benchmarks/results/ours-qwen-v2-run2-20260916/**/trajectory.jsonl
Qwen3-Coder-480B,SHEETHARNESS-FINANCIAL,SpreadsheetBench v2,Debugging,skill-spreadsheet-formula,Knowledge,H,100.00,1.0000,100,4.77,100,100,benchmarks/results/ours-qwen-v2-run2-20260916/**/trajectory.jsonl
Qwen3-Coder-480B,SHEETHARNESS-FINANCIAL,SpreadsheetBench v2,Debugging,skill-spreadsheet-manipulation,Act,H,32.00,0.3200,32,1.53,100,100,benchmarks/results/ours-qwen-v2-run2-20260916/**/trajectory.jsonl
Qwen3-Coder-480B,SHEETHARNESS-FINANCIAL,SpreadsheetBench v2,Debugging,skill-spreadsheet-analysis,Observe,H,0.00,0.0000,0,0.00,100,100,benchmarks/results/ours-qwen-v2-run2-20260916/**/trajectory.jsonl
Qwen3-Coder-480B,SHEETHARNESS-FINANCIAL,SpreadsheetBench v2,Debugging,skill-spreadsheet-visualization,Knowledge,H,0.00,0.0000,0,0.00,100,100,benchmarks/results/ours-qwen-v2-run2-20260916/**/trajectory.jsonl
Qwen3-Coder-480B,SHEETHARNESS-FINANCIAL,SpreadsheetBench v2,Debugging,skill-spreadsheet-verification,Verify,H,100.00,1.0000,100,4.77,100,100,benchmarks/results/ours-qwen-v2-run2-20260916/**/trajectory.jsonl
Qwen3-Coder-480B,SHEETHARNESS-FINANCIAL,SpreadsheetBench v2,Debugging,skill-spreadsheet-memory,Knowledge,H,0.00,0.0000,0,0.00,100,100,benchmarks/results/ours-qwen-v2-run2-20260916/**/trajectory.jsonl
Qwen3-Coder-480B,SHEETHARNESS-FINANCIAL,SpreadsheetBench v2,Debugging,verifier-formula-runtime,Verify,H,79.00,1.9600,196,9.35,100,100,benchmarks/results/ours-qwen-v2-run2-20260916/**/trajectory.jsonl
Qwen3-Coder-480B,SHEETHARNESS-FINANCIAL,SpreadsheetBench v2,Debugging,repair-date-text,Repair,H,0.00,0.0000,0,0.00,100,100,benchmarks/results/ours-qwen-v2-run2-20260916/**/trajectory.jsonl
Qwen3-Coder-480B,SHEETHARNESS-FINANCIAL,SpreadsheetBench v2,Debugging,skill-spreadsheet-financial-model,Knowledge,D,0.00,0.0000,0,0.00,100,100,benchmarks/results/ours-qwen-v2-run2-20260916/**/trajectory.jsonl
Qwen3-Coder-480B,SHEETHARNESS-FINANCIAL,SpreadsheetBench v2,Visualization,runtime-code-plus-formula-validation,Act,H,100.00,26.1667,628,80.31,24,24,benchmarks/results/ours-qwen-v2-run2-20260916/**/trajectory.jsonl
Qwen3-Coder-480B,SHEETHARNESS-FINANCIAL,SpreadsheetBench v2,Visualization,profile-deterministic-compact,Observe,H,100.00,1.0000,24,3.07,24,24,benchmarks/results/ours-qwen-v2-run2-20260916/**/trajectory.jsonl
Qwen3-Coder-480B,SHEETHARNESS-FINANCIAL,SpreadsheetBench v2,Visualization,policy-ours,Control,H,100.00,2.0000,48,6.14,24,24,benchmarks/results/ours-qwen-v2-run2-20260916/**/trajectory.jsonl
Qwen3-Coder-480B,SHEETHARNESS-FINANCIAL,SpreadsheetBench v2,Visualization,skill-spreadsheet-structure,Observe,H,0.00,0.0000,0,0.00,24,24,benchmarks/results/ours-qwen-v2-run2-20260916/**/trajectory.jsonl
Qwen3-Coder-480B,SHEETHARNESS-FINANCIAL,SpreadsheetBench v2,Visualization,skill-spreadsheet-formula,Knowledge,H,16.67,0.1667,4,0.51,24,24,benchmarks/results/ours-qwen-v2-run2-20260916/**/trajectory.jsonl
Qwen3-Coder-480B,SHEETHARNESS-FINANCIAL,SpreadsheetBench v2,Visualization,skill-spreadsheet-manipulation,Act,H,100.00,1.0000,24,3.07,24,24,benchmarks/results/ours-qwen-v2-run2-20260916/**/trajectory.jsonl
Qwen3-Coder-480B,SHEETHARNESS-FINANCIAL,SpreadsheetBench v2,Visualization,skill-spreadsheet-analysis,Observe,H,37.50,0.3750,9,1.15,24,24,benchmarks/results/ours-qwen-v2-run2-20260916/**/trajectory.jsonl
Qwen3-Coder-480B,SHEETHARNESS-FINANCIAL,SpreadsheetBench v2,Visualization,skill-spreadsheet-visualization,Knowledge,H,0.00,0.0000,0,0.00,24,24,benchmarks/results/ours-qwen-v2-run2-20260916/**/trajectory.jsonl
Qwen3-Coder-480B,SHEETHARNESS-FINANCIAL,SpreadsheetBench v2,Visualization,skill-spreadsheet-verification,Verify,H,95.83,0.9583,23,2.94,24,24,benchmarks/results/ours-qwen-v2-run2-20260916/**/trajectory.jsonl
Qwen3-Coder-480B,SHEETHARNESS-FINANCIAL,SpreadsheetBench v2,Visualization,skill-spreadsheet-memory,Knowledge,H,0.00,0.0000,0,0.00,24,24,benchmarks/results/ours-qwen-v2-run2-20260916/**/trajectory.jsonl
Qwen3-Coder-480B,SHEETHARNESS-FINANCIAL,SpreadsheetBench v2,Visualization,verifier-formula-runtime,Verify,H,29.17,0.9167,22,2.81,24,24,benchmarks/results/ours-qwen-v2-run2-20260916/**/trajectory.jsonl
Qwen3-Coder-480B,SHEETHARNESS-FINANCIAL,SpreadsheetBench v2,Visualization,repair-date-text,Repair,H,0.00,0.0000,0,0.00,24,24,benchmarks/results/ours-qwen-v2-run2-20260916/**/trajectory.jsonl
Qwen3-Coder-480B,SHEETHARNESS-FINANCIAL,SpreadsheetBench v2,Visualization,skill-spreadsheet-financial-model,Knowledge,D,0.00,0.0000,0,0.00,24,24,benchmarks/results/ours-qwen-v2-run2-20260916/**/trajectory.jsonl
